antigo	novo
*	tex_screenshot
*1	vid_7f7f7f
*10	cor_232323
*12	tex_white_stone
*121	cor_1f9787
*122	cor_177367
*14	cor_6f6f6f
*15	cor_000000
*19	cor_030303
*20	tex_lewis_hamilton_steering_wheel
*21	cor_040404
*214	cor_060606
*215	cor_010101
*218	tex_jo
*22	cor_c30910
*25	cor_000000_2
*26	cor_ffffff
*27	cor_5f5f5f
*28	tex_metal_seamed
*29	tex_metal_silver
*3	tex_guararapes_quartzo
*30	tex_translucent_glass_saftey
*31	cor_121212
*32	cor_020202
*32.001	tex_madeiraraposa_004c5655dcfa5ca3a416631898702391
*33	cor_fcfcfc
*34	cor_0d0d0d
*35	cor_040404_2
*36	tex_metal_corrogated_shiny
*37	tex_aluminum
*38	cor_0d0d0d_2
*39	cor_737373
*4	tex_ligth_brown_velvet_fabric
*4.001	tex_screenshot_2
*40	tex_c8b50c433bfbadc05b04a8fd90bc8af0
*43	tex_hugo_boss
*44	cor_3a3a3a
*5	tex_papel_de_parede_adesivo
*51	cor_686868
*52	cor_6d540e
*54	tex_guararapes_tauari
*55	cor_3ad3a8
*56	cor_060606_2
*57	cor_154b3c
*58	cor_1d360b
*6	vid_dddddd
*6.001	tex_compensado_de_sumauma
*60	cor_9c9c9c
*61	cor_212121
*63	cor_219cfc
*64	tex_diving_dogs
*65	tex_textura
*66	tex_textura_2
*67	cor_6f8e7f
*68	tex_textura_3
*69	tex_textura_4
*7	tex_compensado_de_sumauma_2
*70	cor_32735c
*72	tex_textura_5
*73	tex_textura_6
*74	tex_2vjpkau
*75	tex_london_wallpapers_hd_a49
*76	tex_textura_7
*76.001	tex_guararapes_tauari_2
*77	tex_fotos_legais
*78	cor_609885
*8	tex_6479cfec519d349f37f95942a61666d2
*80	cor_558e7a
*81	tex_00f2b15de89b3b384b97524614b42929532b389e
*82	tex_screenshot_3
*83	tex_screenshot_4
*84	tex_4afc4f271e2a5cd0fea6e716fced6736179a9fd9
*85	cor_76675f
*86	tex_concrete_bare_clean
*87	tex_whatsapp_image_at_removebg
*9	tex_concrete_bare_clean_2
*91	tex_roc048b0018
*92	tex_ceusa_confete_wh
0-1可变布_4-dy_4	tex_textura_8
0-2床垫_1-床垫_3-枕头	tex_b
0-2床垫_1-床垫_3-枕头（条纹）1	tex_chenzc_iti55
0024_OrangeRed	cor_fc0d00
0066_Honeydew	cor_fffff1
01	cor_373737
01. LAVA LOUÇAS BOTÃO	cor_030303_2
01. LAVA LOUÇAS BOTÃO 2	cor_fcfcfc_2
01. LAVA LOUÇAS INOX	cor_4b4b4b
01. LAVA LOUÇAS INOX ESCURO	cor_000000_3
01. LAVA LOUÇAS LUZ	cor_fcfcfc_3
01. LAVA LOUÇAS LUZ DESLIGADA	cor_060606_3
01. LAVA LOUÇAS VIDRO RPETO	cor_000000_4
015016065016506505909509066_025_1	tex_archmodels66_leaf_23a
015016065016506505909509066_025_10150610651	tex_archmodels66_leaf_23a_2
02	tex_metal_corrogated_shiny_extractedtex6990
08 - Default1	cor_d95000
0_0_	cor_000000_5
120_120_	cor_2f2f2f
2 - Default	tex_arch32_diffuse
2304x1440	cor_030303_3
38	tex_textura_9
3_3_	cor_000000_6
4f9e9b17a9119b4633e500cf686120eb	tex_4f9e9b17a9119b4633e500cf686120eb
<auto>21	cor_040404_3
<auto>24	cor_000000_7
<auto>26	cor_000000_8
<auto>3	tex_screenshot_5
<auto>30	cor_040404_4
<auto>47	tex_tb118export
<Burnt Umber>1	cor_000000_9
<Charcoal>	cor_030303_4
<Charcoal>3	cor_000000_10
<Chartreuse>	cor_36ff00
<Corrogated>	tex_5d4cb992ca25df9f11953a2932d2487d
<CorrogateShiny>	tex_f6db4f3d223b435f665c75f09224d2b6
<CorrogateShiny>2	tex_f6db4f3d223b435f665c75f09224d2b6_2
<DimGray>	cor_070708
<HotPink>	cor_ff2475
<LemonChiffon>	cor_fff19d
<LightGray>	cor_656565
<Plant Cover Kudzu>2	vid_kudzu_tile
<Safety Glass>1	tex_0e9a8d2655480ba3a0b0e6973d69fb62
<Safety Glass>3	tex_c35a799ada5f086c2cc0f0aa4d444d3b
[0009_Linen]1	cor_f1ddcb
[0011_Seashell]	cor_fce7db
[0023_FireBrick]	cor_730202
[0030_OldLace]	cor_f8e7cb
[0035_Tan]	cor_a67644
[0035_Tan]1	tex_efd69566192eadff4ebd6669d2ea43b72
[0035_Tan]1.001	tex_efd69566192eadff4ebd6669d2ea43b72_2
[0037_SandyBrown]1	cor_e75f1d
[0043_SaddleBrown]	cor_430e00
[0045_Goldenrod]	cor_0a0a0a
[0090_LightCyan]	cor_bffcfc
[0102_RoyalBlue]	cor_0c24c1
[0128_White]1	cor_fcfcfc_4
[0128_White]2	vid_ffffff
[0131_Silver]2	cor_0b0b0b
[0131_Silver]3	cor_888888
[0132_LightGray]	cor_676767
[0133_Gray]	cor_373737_2
[0134_DimGray]	cor_242424
[0134_DimGray]1	cor_242424_2
[0135_DarkGray]1	cor_131313
[0136_Charcoal]	cor_030303_5
[0136_Charcoal]1	cor_020202_2
[0136_Charcoal]2	cor_020202_3
[0136_Charcoal]4	cor_070505
[0137_Black]	cor_000000_11
[Aluminum]	tex_aluminum_2
[Aluminum]1	cor_7d5106
[Black Dots 3]	tex_black_dots
[Black Dots 3]1	tex_black_dots_2
[Carpet_Loop_Pattern]	tex_carpet_loop_pattern
[Cobalt]	cor_092246
[Color A01]1	tex_papel_de_parede_adesivo_2
[Color A06]2	cor_e3e3e3
[Color A08]	cor_0c0c0d
[Color B04]1	cor_5b5b5b
[Color C02]1	cor_d37d4f
[Color C02]3	tex_textura_10
[Color C04]	cor_010101_2
[Color C08]	tex_guararapes_tauari_3
[Color D08]	vid_000000
[Color H02]	tex_screenshot_6
[Color H03]1	cor_d5d5d5
[Color J07]1	cor_3f2a05
[Color J07]2	cor_3f2a06
[Color M00]2	cor_373737_3
[Color M01]1	cor_e1e1e1
[Color M04]	cor_464646
[Color M06]2	cor_c9c9c9
[Color M07]1	cor_070707
[Color M08]	tex_velluto_off_white
[Color M08]1	cor_020202_4
[Color M08]2	cor_0e0e0e
[Color M08]4	cor_dbdbdb
[Color M08]6	cor_020202_5
[Color M08]7	cor_5f3d13
[Color M09]	cor_000000_12
[Color_000]1	cor_f6f4f1
[Color_000]2	cor_fcfcfc_5
[Color_000]4	tex_branco_txt
[Color_000]5	cor_fcfcfc_6
[Color_000]5.001	cor_fcfcfc_7
[Color_001]	cor_c3c3c3
[Color_002]1	cor_373737_4
[Color_002]2	tex_textura_11
[Color_002]3	cor_525252
[Color_002]4	cor_a8a8a8
[Color_003]	cor_686868_2
[Color_004]	cor_464646_2
[Color_004]1	cor_464646_3
[Color_005]	cor_2b2b2b
[Color_006]2	cor_171717
[Color_007]2	cor_090909
[Color_008]1	cor_020202_6
[Color_008]2	cor_020202_7
[Color_008]4	cor_020202_8
[Color_009]1	cor_000000_13
[Color_009]3	cor_000000_14
[Color_A01]	cor_ff0000
[Color_A01].001	cor_fc0000
[Color_D02]	cor_fcd100
[Color_E02]	cor_383801
[Color_E05]	cor_c9b89a
[Color_F08]	cor_469c13
[Color_I02]1	cor_0404fc
[Color_I05]	cor_9c9cfc
[CoolGray1]	tex_3cd432e5bec57adcf5141e2076788cd8
[CoolGray1].001	tex_3cd432e5bec57adcf5141e2076788cd8_2
[CoolGray4]	cor_c1c3cb
[Fencing_Construction]	tex_fencing_construction
[Formica Speckled Grey]	tex_formica_speckled_grey
[Gold]	cor_9d7201
[Gray4]	cor_686868_3
[Gray5]	cor_878787
[Gray8]	cor_0d0d0d_3
[Gray8].001	cor_0d0d0d_4
[Iris]	cor_370d48
[Jade]2	cor_124628
[Leather Red Brown]	tex_leather_redbrown
[Metal Corrugated Shiny]2	cor_606060
[Metal Corrugated Shiny]3	cor_5b5b5b_2
[Metal Corrugated Shiny]4	tex_metal_corrogated_shiny_2
[Metal Corrugated Shiny]5	tex_metal_corrogated_shiny_3
[Metal Rusted]	cor_030303_6
[Metal Seamed]	tex_metal_seamed_2
[Metal Seamed]2	tex_metal_seamed_3
[Metal Silver]1	cor_f8f4f8
[Metal_Aluminum_Anodized]1	tex_metal_aluminum_anodized
[Metal_Aluminum_Anodized]2	tex_metal_aluminum_anodized_2
[Metal_Corrogated_Shiny]11	tex_metal_corrogated_shiny_4
[Metal_Corrogated_Shiny]2	cor_686868_4
[Metal_Corrogated_Shiny]3	cor_373737_5
[Metal_Corrogated_Shiny]5	tex_metal_corrogated_shiny_5
[Metal_Corrogated_Shiny]8	tex_metal_corrogated_shiny_6
[Metal_Panel]	tex_6eefc964633a535e6da65057b181986c
[Metal_Rough]	tex_metal_rough
[Mirror 01]1	tex_micro_ondas_electrolux_mi41s31l
[Olive]	cor_2a3706
[Orchid]	cor_a41a50
[Redwood]	cor_642015
[Sky]	cor_1d4b9d
[Steel Brushed Stainless]	tex_steel_brushed_stainless
[Suede Green]1	tex_suede_green
[Translucent Glass Dark Green]	vid_081a00
[Translucent Glass Gray]1	vid_b6b6b6
[Translucent_Glass_Blue]	vid_6ce3a8
[Translucent_Glass_Gray]1	vid_373737
[Wood_ Floor]	tex_guararapes_tauari_4
_Ceramica _Branca	tex_mpm_vol_p05_bottom
_Ceramica _Verde 01	tex_green_bottom_diff
_Ceramica _Verde 02	tex_green_top_round_diff
_Metal_Fosco	tex_handle_bump
A-11262	tex_a
Abstrato-E1	tex_screenshot_7
Abstrato-E2	tex_screenshot_8
acrilico_porta_lavadora_LG	vid_000000_2
ALECRIM GUARARAPES1	tex_alecrim_linha_colors_guararapes
ALECRIN GUARARAPES	tex_grafite_guararapes
ALUMINIO	cor_c3c3c3_2
Aluminio anodizado branco (Tela)	cor_050505
Aluminum_Blurry#1	cor_515151
AM134_14_wood_1	tex_ba40667e14fabd82c39d030deebd4a64
archmodels85_013_1	tex_d578c8e7dc070f9bdddf0372a4d894d4_a
archmodels85_013_3	cor_2a1d12
Archmodels_64_012	tex_archmodels_color
asdfsd0fas5df1a0s5fd10asfd51as0df15as01fd50w15er015g0d5fg0d5f1g	tex_archmodels66_dirt
Assistencia-tecnica-Fischer-e-autorizadas#2	tex_27d12784a337d72fd97d78f9d4b1091e
ava1	tex_jo_l0ha
AZUL SMEG	cor_ffffff_2
Bandeja de Café da Manhã com Pão Caseiro_Bandeja de Café da	tex_bandeja_de_cafe_da
Bathroom Accessories_noTTo3Ds_vray_Material #-2147483592	vid_000000_3
Bathroom Accessories_noTTo3Ds_vray_Material #20	tex_dummy
Bathroom Accessories_noTTo3Ds_vray_Material #2147483625	tex_bathroom_accessories_wood_diff
Bathroom Accessories_noTTo3Ds_vray_Material #2147483641	tex_bathroom_accessories_wood_diff_2
Bathroom Accessories_noTTo3Ds_vray_Material #5018	cor_ffffff_3
Bathroom Accessories_noTTo3Ds_vray_Material #50523	vid_dummy
Bathroom Accessories_noTTo3Ds_vray_Material #50527	vid_373737_2
Bathroom Accessories_noTTo3Ds_vray_Material #50529	vid_ffffff_2
Bathroom Accessories_noTTo3Ds_vray_Material #50533	tex_bathroom_accessories_lable_diff
binh hoa_branch	tex_branch_diffuse
binh hoa_leaves2	cor_6f4a29
binh hoa_twigs	tex_twigs_diffuse
BLACK MATTE1	cor_080808
BLACK MATTE11	cor_6f6f6f_2
BLACK MATTE3	cor_080808_2
BLACK MATTE5	cor_575757
BLACK MATTE6	cor_040404_5
BLACK MATTE8	cor_6f6f6f_3
black1	cor_000000_15
black2	cor_000000_16
blue1	cor_00042f
BOC84	tex_boc84
BORDAS	tex_textura_preto
Borracha preta (Tela)	cor_fcfcfc_8
borracha_porta_lavadora_LG	cor_272727
borracha_porta_lavadora_LG2	cor_0e0f16
BOUCLE BEGE	tex_24402881alta
BRANCO GELO1	cor_e7e7e7
branco_depurador	cor_545454
Brick-rough1	tex_watercolor_brick
Cabo de aço (Tela)	tex_cabo_de_aco
Cadeira Eames Eiffel Infantil - Madeira	tex_ad_cadeira_eames_eiffel
Cadeira Eames Eiffel Infantil - Metal	cor_010101_3
Cadeira Eames Eiffel Infantil - Parafuso	cor_5c5c5c
CALOPSITA SUVINIL	cor_b6b4ad
Captura de Tela 2019-04-19 às 14.23.13	tex_captura_de_tela_as
Captura de Tela 2019-04-21 às 19.20.23	tex_captura_de_tela_as_2
CARVALHO MALVA	tex_guararapes_tauari_5
CARVALHO MALVA DURATEX	tex_guararapes_tauari_6
CARVALHO NATUAL2	tex_guararapes_tauari_7
CARVALHO NATURAL	tex_velluto_off_white_2
CARVALHO NATURAL GUARARAPES1	tex_carvalho_natural
CARVALHO NATURAL GUARARAPES2	tex_guararapes_tauari_183x275c
CARVALHO NATURAL GUARARAPES2.001	tex_guararapes_tauari_8
CARVALHO NATURAL.001	tex_guararapes_tauari_183x275c_2
CARVALHO NATURAL2	tex_carvalho_natural_2
CARVALHO NATURAL3	tex_guararapes_tauari_9
Charcoal 2	cor_070707_2
ChenZc-210620-ERU51__Copper	cor_6c5237
CHROME GIFMAP1	cor_fcfcfc_9
chrome_blurry	cor_010101_4
CINZA COBALTO2	tex_cinza_cobalto_tx_5e67af837c
CINZA COBALTO3	tex_velluto_off_white_3
CINZA CPURO	tex_velluto_off_white_4
CINZA CRISTAL ARAUCO2	tex_velluto_off_white_5
CINZA CRISTAL DURATEX	tex_cinza_puro
CINZA CRISTAL DURATEX.001	tex_velluto_off_white_6
CINZA CRISTAL4	tex_velluto_off_white_7
CINZA SMEG	cor_090909_2
colcha_afa0fa165sf0a15s6f9a065e0r160rw	tex_cotton_white_b
Color D05	cor_c7982a
Color D05 glass	cor_fc0000_2
Color M09	cor_000000_17
Color_	cor_fcfcfc_10
Color_000	cor_ffffff_4
Color_3	cor_020202_9
Color_A	tex_grafite_guararapes_2
COOCKTOP DE INDUÇÃO 4 BOCAS GOURMAND -  BRASTEMP	tex_coocktop_brastemp
cookies_small_A1	tex_e672120f85d424a8ab659b409b468650
cookies_small_B1	tex_cbfe6c370d82bf6f18a8122bc1f2e30a
Cor_2	cor_8d8d8d
Cor_C	cor_0a0100
Cor_D	cor_ff8700
Cor_D4	cor_522a00
Cor_D5	cor_521d00
Cor_H	cor_0073cd
Cordas Cadeira Balanço1	tex_39d69db69b77405d02efe5923bf441b0
Cromado1	cor_8a8a8a
CUBA BRANCA	cor_dfdfdf
DefaultMaterial1	tex_mdf_frape_arauco
DefaultMaterial2	tex_897508cdd2a8a58938b3dae999169073
Derivado_de_madeira	tex_4acef6ba0f9b3bb9754704c67889a4c5
doc1	cor_ffffff_5
doc2	cor_a2a2a2
Dots Stroke	cor_cccccc
drop-result	tex_drop_result_tmp
Electrolux_Brasil_90cm_Wall_Cooker_Hood2c_Tempered_Glass_90CVS_	cor_75756d
Electrolux_Brasil_Stainless_Steel_Dishwasher_With_10_Services__	cor_636363
ESPELHO	cor_2a2a2a
ESPELHO1	cor_464646_4
eXPRESS PRETO#3	tex_am169_reflect
fern1_smaller_clean_smaller	tex_fern1_smaller_clean_nt
FLUIRE - Gold	cor_7c7c7c
forno-preto	cor_000000_18
forno-vidro	vid_000000_4
forno_alumin	cor_6f6d6b
forno_cor	cor_464646_5
forno_grelha	cor_373737_6
forno_inox	cor_4e4e4e
frond_small	tex_frond_small_npr
FronhaDotsPeach_Fronha	tex_dots_peach
fundo_rotulos_difusor	cor_ffffff_6
Fur	tex_tid046
FÓRMICA LARANJA	tex_laranja
Glass	vid_smudgeslarge001_overlay_var1
Glass#1	vid_000000_5
Glass_Realtime1	vid_565656
Glass_Window_Neutral	vid_000000_6
Gold1	tex_v_ray_helper
Gold_24k	cor_020000
grafismo_botoes_lavadora_LG	cor_000000_19
grafismo_controle_lavadora_LG	tex_6de312c320acf8902c7812faf2ab73b2
grafismo_modelo_lavadora_LG	tex_90b1821936002b2cb1e40c59521dfca7
Grafite (Docol)	cor_757575
GRAFITE BRUTO SUVINIL	cor_1b1b1b
GRAFITE GUARARAPES	tex_grafite_guararapes_3
HL - Acrilico	vid_adadad
HL - Ceramica	cor_dddb85
HL - Niquel	cor_7a7a7a
inox2	cor_7f7f7f
inox_lavadora_LG	cor_060606_4
jean blue	cor_878787_2
keyboard	tex_keyboard
l	tex_02e0851d5fb4115de7274b68173aaa84
lampada	cor_fcfcfc_11
leather 1	vid_060100
Leaves1	tex_tid051
LED	tex_v_ray_helper_2
LED_8000k	cor_bfd9fc
LINHO BEGE	tex_24402881alta_2
liquido_difusor	vid_ffff36
LIVRO 01	tex_livro_extractedtex1738
LIVRO 02	tex_screenshot_9
LIVRO 02.001	tex_screenshot_10
logo_razer	tex_6f486a11c9bc81c88c217de0677f89f8
Louça	cor_d9d9d9
LUZ VERMELHA SMEG	cor_ff0000_2
Madeira	tex_wood_albedo
madeira_palitos_difusor	tex_bd0e4e44b4a3b358de5b7068bd42373d
marrom	tex_textura_marrom
Master key Back	tex_master_key_back
mat0	cor_fcfcfc_12
Materiafasdgasaplasticl	tex_a2ed3e6ed509bc03d206c83006ba1afa
Material	cor_cccccc_2
Material.001	cor_cccccc_3
Material11	tex_carvalho_europeu2
Material13	cor_030303_7
Material16	cor_000000_20
Material17	cor_525252_2
Material18	cor_090909_3
Material1ASDFAFASDFASFW	cor_020202_10
Material1ASDFASFASFASF	cor_292929
Material1asdfasfdasdf0a1sdf5a0s16f0as165016w0e1r56w	cor_616161
Material1DFASFDASFDAFW	cor_cfcfcf
Material1sdfasdfasw	cor_efefef
Material2sfafwwwew	tex_cotton_white_b_2
Material42	cor_fcfcfc_13
Material42.001	tex_material10_extractedtex6296
Material45	cor_020202_11
Material46	cor_040404_6
Material47	cor_0e0e0e_2
Material48	cor_020202_12
Material49	cor_a8a8a8_2
Material53	cor_000000_21
Material94	tex_e6b23b4e5da12d469a49eae25379f008
Material95	tex_material10_extractedtex6296_2
Material__1	tex_eeb3055612189d94dc99c9a4e2819a55
Material__16	tex_26f55f5d10f7646226e36d6ffc62f2ab
Material__2	tex_af794d1590b8636372ec2723da558dd6
Material__3	cor_ffffff_7
Material__5	tex_textura_da_folha
Materialasdfasdfwdgasdplastic	tex_depositphotos_stock_photo_of
Materialasdfasfwgasdfafabric	tex_panda_embroidery_and_cross
Materialasdfawgwermetal	cor_b0b0b0
Materialasdfawgwermetal1	cor_b0a276
Material~1	cor_2a0901
Material~10	tex_textura_12
Material~11	tex_textura_13
Material~12	tex_textura_14
Material~13	tex_towel_d
Material~14	tex_textura_15
Material~15	cor_2a0a01
Material~17	tex_textura_16
Material~18	cor_000000_22
Material~21	tex_textura_17
Material~22	cor_939393
Material~24	cor_2a0a01_2
Material~25	tex_towel_d_2
Material~26	tex_textura_18
Material~27	tex_textura_19
Material~28	tex_towel_d_3
Material~29	tex_textura_20
Material~30	tex_textura_21
Material~34	tex_textura_22
Material~4	tex_textura_23
Material~43	tex_steak_diff
Material~45	tex_textura_24
Material~6	tex_textura_25
Material~7	tex_textura_26
Material~8	tex_textura_27
Material~9	tex_d51819ae9d5ec904ee8277d2124a8c09
MDF AREIA GUARARAPES	tex_velluto_off_white_8
MDF AREIA GUARARAPES1	tex_velluto_off_white_9
MDF AREIA GUARARAPES2	tex_mdf_areia_matt_faces
MDF CHUMBO1	tex_velluto_off_white_10
MDF CINZA BETON	tex_beton_scaled
MDF CINZA COBALTO	tex_velluto_off_white_11
MDF CINZA PURO	tex_grafite_guararapes_4
MDF TAUARI GUARARAPES	tex_guararapes_tauari_10
MDF TAUARI GUARARAPES1	tex_guararapes_tauari_11
MDF TAUARI GUARARAPES2	tex_guararapes_tauari_12
MDF TAUARI GUARARAPES4	tex_guararapes_tauari_13
MDF VELUTTO OFF WHITE2	tex_cinza_puro_scaled
MDF_BRANCO_TX	cor_c3c3c3_3
MDF_BRANCO_TX1	cor_c3c3c3_4
Mesa Eames Eiffel Infantil - Tampo	cor_939393_2
Metal	met_060606
METAL - COOCK TOP ELETROLUX	cor_000000_23
mETAL CAFETEIRA#1	tex_texturescom_metal_steelbrushed_albedo
METAL CROMADO1	cor_0e0e0e_3
Metal1	cor_676767_2
metal2	cor_ff0000_3
metal3	cor_373737_7
Metal4	cor_929292
Metal6	cor_070707_3
Metal8	cor_000000_24
Metal_Aluminum_Anodized2	tex_d586341c8589f34aef6b4c58258975dd
metal_corpo_lavadora_LG	cor_cbcbcb
metal_interior_lavadora_LG	tex_58a47b208533be37bd29a76a7f4e6518
Miúda_Cama3	cor_42501a
notes1	cor_101010
nuwallpaper-wallpaper-nu2090-64_1000	tex_nuwallpaper_wallpaper_nu2090
OFF WHITE DURATEX	tex_velluto_off_white_12
OFF WHITE DURATEX.001	tex_velluto_off_white_13
Old Brass Texture	tex_old_brass
painel_lavadora_LG	tex_271ffd3ff9749b50db29eaa85f72448e
PALM_LEAF1	tex_ed8b17b97119a310cb7c2fba2398ddf3
PALM_LEAF_1	tex_54c6c8650a7b6d91ea8b79919baa82e2
PAPEL DE PAREDE GRANILITE MALVA	tex_textura_28
Papel de Parede Stripes e damasks 3	tex_papel_de_parede_energy
Papel Higienico	cor_fcfcfc_14
paper1	cor_a2a2a2_2
PAPIER_003	tex_ec0ff62f9dd8afff1972d78fa4004a8c
PASINATO - TS-108	tex_ts_pasinato
PEDRA SINTERIZADA TERRAZZO BRANCO	tex_granito_preto_sao_gabriel
PEDRA SINTERIZADA TERRAZZO BRANCO1	tex_branco_branco_scaled_e1647259876397
Plastic_Simple_Blurry_Gray	cor_1d1c19
Plastic_Simple_GrainS_Gray	cor_050505_2
Plastic_Simple_Shiny_Gray	cor_030303_8
Plastic_Translucent_01_White	vid_000000_7
plastico_interno_lavadora_LG	cor_efefef_2
Plastik_czarny1	cor_060606_5
PLUG_CASTIPAVIO	cor_000000_25
PLUG_CASTIVELA	cor_fcf8d3
PLÁSTICO TRANSLÚCIDO	cor_7d7d7d
Poliéster Cinza	tex_poliester_cinza
PONTE ESTAIADA SUVINIL	cor_675534
PORCELANATO DORCIA TERRAZO 100_100 BIANCOGRES	tex_textura_29
porta_fechadura	cor_6f6f6f_4
porta_madeira1	cor_e3e3e3_2
Preto	cor_090909_4
puxador escovado1	cor_181818
q11	tex_q11
QUARTZO STELLAR1	tex_quartzo_pure_white_caesarstone
QUARTZO STONE	tex_ed02835fe99c16cb75cf61beeb986d7f
QUEBRA PEDRA SUVINIL	cor_608d77
R0_G0_B	cor_040404_7
R5_G5_B	cor_030303_9
RIG LEGNO BIANCOGRES	tex_avorio_di_brescia_pol
Rivatti - Logo	cor_010101_5
Rivatti - Madeira Compensado	tex_mdf_itapua_essencial_wood
Rivatti - Polipropileno Branco	cor_c9c9c9_2
Rivatti - Tecido Boucle - Displacement2	tex_tecido_boucle_displacement2
Rivatti - Tecido Boucle - Normal	tex_tecido_boucle_normal
Rivatti - Tecido Boucle Marrom Claro LIGHT BROWN BOUCLE UF995-0	tex_tecido_boucle_marrom_claro
roca	cor_2a2a2a_2
rodas	cor_050505_3
ROSA MILK SHAKE GUARARAPES	tex_guararapes_tijolo_183x275c
ROSE GOLD	cor_ba654b
ROSE GOLD1	cor_050505_4
rotulo_01_difusor	tex_747c735c87d91ef9a19c7b4fd5ea90b6
rotulo_03_difusor	tex_50b74fd6eacc536b988ab3c31aef2dbb
rubber blend1	cor_060606_6
Sand Ceramic 02	tex_sand_ceramic
Scarf_1	cor_5a381a
Seamless Concrete	tex_5ec66f1243b1aa40c69fc2a16114df0b
Seed light	tex_tid048
Seeds	tex_tid055
shadow	tex_shadow
Shiny Gold	cor_7f7f7f_2
Stem	tex_tid045
Stem3	tex_tid050
TampaGarrafaTermica	cor_050000
TAUARI	tex_guararapes_tauari_14
TAUARI GUARARAPES3	tex_guararapes_tauari_15
Tela Cinza	tex_tela_velo_cinza_copia
Tela preta (Tela)	tex_linho_preto
TELA1	cor_020202_13
Texture 1.jpeg	tex_papel_de_parede_adesivo_3
Texture 2.jpeg	tex_ligth_brown_velvet_fabric_2
Texture 3.jpeg	tex_81ofhv0eell_ac_sl1000
Texture 4.jpeg	tex_textura_30
Texture 5.jpeg	tex_the_garment_lencol2
texture-fabric-jeans-wallpaper-preview	tex_fabric_jeans_wallpaper_preview
TP - Metal Branco	cor_575757_2
TP - Metal Branco1	cor_020202_14
Translucent_Glass_Gray2	vid_373737_3
Translucent_Glass_Tinted	vid_4210ebc2689e8fee55983fecaff4812d
TRANSPARENTE	vid_363636
Vaso sanitário1	cor_f4f4f4
VELLUTO OFF WHITE DURATEX	tex_velluto_off_white_14
VELUTTO OFF WHITE	tex_velluto_off_white_15
VERDE MINT DURATEX	tex_padrao_essencial_mint
VIDRO	vid_000000_8
Vidro	vid_163614
Vidro REFLECTA	vid_000000_9
vidro_difusor	vid_373737_4
VINÍLICO MANAUS DURAFLOOR	tex_linha_nativa_manaus
Water	vid_000000_10
wire_1	cor_000000_26
wire_2	tex_textura_da_folha_2
Xiaomi Botao1	tex_button
Xiaomi Metal Amarelo	cor_886f06
Xiaomi Metal Vermelho	cor_880404
Xiaomi Metal Vermelho#1	cor_d50000
Xiaomi Pintura	cor_efefef_3
Xiaomi Pintura#1	cor_efefef_4
Xiaomi Plastico	cor_151515
Xiaomi Vidros	cor_000000_27
ziaja	tex_jo_ipeony_and_blush
行者0187	tex_diffusetexture_map
